{"assets":[{"id":"comp_Swipe - Top_0B4C3E99-CBC2-4BA3-A740-1186CC0C32DD","layers":[{"ty":3,"ao":0,"ddd":0,"ind":15,"ip":0,"ks":{"a":{"a":0,"k":[55.905,31.635,0]},"o":{"a":0,"k":100},"p":{"s":true,"x":{"a":0,"k":260.91},"y":{"a":0,"k":275.90000000000003}},"r":{"a":0,"k":0},"s":{"a":0,"k":[100,100]}},"nm":"Swipe - Top-null","op":46,"sr":1,"st":0,"tt":0},{"ty":4,"ao":0,"ddd":0,"ind":14,"ip":0,"ks":{"a":{"a":0,"k":[0,0]},"o":{"a":0,"k":100},"p":{"a":0,"k":[0,0]},"r":{"a":0,"k":0},"s":{"a":0,"k":[100,100]}},"nm":"Swipe - Top-content","op":46,"parent":15,"shapes":[{"ty":"gr","cix":2,"it":[{"ty":"sh","ind":0,"ks":{"a":0,"k":{"c":true,"i":[[0,0],[-3.3919084115999993,1.9399145103],[0,0],[0,0],[0,0]],"o":[[0,0],[3.8088982160999905,-2.1889041048],[0,0],[0,0],[0,0]],"v":[[0.0050001432,52.509472432200006],[89.081609811,1.0677293352000001],[96.69040553820001,0.749743173],[111.8150001432,9.4763604204],[18.641499888000002,63.275000228100005]]}},"nm":"Swipe - Top-path"},{"ty":"fl","c":{"a":0,"k":[0.114,0.11800000000000001,0.125,1]},"nm":"Fill 1","o":{"a":0,"k":100},"r":1},{"ty":"tr","a":{"a":0,"k":[0,0]},"nm":"Transform","o":{"a":0,"k":100},"p":{"a":0,"k":[0,0]},"r":{"a":0,"k":0},"s":{"a":0,"k":[100,100]},"sa":{"a":0,"k":0},"sk":{"a":0,"k":0}}],"nm":"Swipe - Top-content","np":3}],"sr":1,"st":0,"tt":0}]},{"id":"comp_Swipe - Card Slot_6976069A-A255-4276-B194-79E624E8736C","layers":[{"ty":3,"ao":0,"ddd":0,"ind":25,"ip":0,"ks":{"a":{"a":0,"k":[46.67,177.665,0]},"o":{"a":0,"k":100},"p":{"s":true,"x":{"a":0,"k":307.58},"y":{"a":0,"k":452.91}},"r":{"a":0,"k":0},"s":{"a":0,"k":[100,100]}},"nm":"Swipe - Card Slot-null","op":46,"sr":1,"st":0,"tt":0},{"ty":4,"ao":0,"ddd":0,"ind":24,"ip":0,"ks":{"a":{"a":0,"k":[0,0]},"o":{"a":0,"k":100},"p":{"a":0,"k":[0,0]},"r":{"a":0,"k":0},"s":{"a":0,"k":[100,100]}},"nm":"Swipe - Card Slot-content","op":46,"parent":25,"shapes":[{"ty":"gr","cix":2,"it":[{"ty":"sh","ind":0,"ks":{"a":0,"k":{"c":true,"i":[[0,0],[0,0],[0,0],[0,-23.02500024359999],[0,0],[0,0],[0,21.0600004705],[0,0]],"o":[[0,0],[0,0],[0,0],[0,22.502000676500003],[0,0],[0,0],[0,-23.27799875690001],[0,0]],"v":[[0,10.771001031099999],[18.6328005526,0.0049994931],[74.0522065322,31.773000985699998],[93.0070039496,64.36199954989999],[93.34,344.36099843299996],[75.0501959454,355.3349994931],[74.71719989500001,74.671000515],[55.098409719600006,42.4149994603]]}},"nm":"Swipe - Card Slot-path"},{"ty":"fl","c":{"a":0,"k":[0.027,0.027,0.027,1]},"nm":"Fill 1","o":{"a":0,"k":100},"r":1},{"ty":"tr","a":{"a":0,"k":[0,0]},"nm":"Transform","o":{"a":0,"k":100},"p":{"a":0,"k":[0,0]},"r":{"a":0,"k":0},"s":{"a":0,"k":[100,100]},"sa":{"a":0,"k":0},"sk":{"a":0,"k":0}}],"nm":"Swipe - Card Slot-content","np":3}],"sr":1,"st":0,"tt":0}]},{"id":"comp_Swipe - Right Panel_FFCA7B96-4DB0-4209-986E-08E57D120C8C","layers":[{"ty":3,"ao":0,"ddd":0,"ind":35,"ip":0,"ks":{"a":{"a":0,"k":[55.895,182.935,0]},"o":{"a":0,"k":100},"p":{"s":true,"x":{"a":0,"k":335.44},"y":{"a":0,"k":436.67}},"r":{"a":0,"k":0},"s":{"a":0,"k":[100,100]}},"nm":"Swipe - Right Panel-null","op":46,"sr":1,"st":0,"tt":0},{"ty":4,"ao":0,"ddd":0,"ind":34,"ip":0,"ks":{"a":{"a":0,"k":[0,0]},"o":{"a":0,"k":100},"p":{"a":0,"k":[0,0]},"r":{"a":0,"k":0},"s":{"a":0,"k":[100,100]}},"nm":"Swipe - Right Panel-content","op":46,"parent":35,"shapes":[{"ty":"gr","cix":2,"it":[{"ty":"sh","ind":0,"ks":{"a":0,"k":{"c":true,"i":[[0,0],[0,0],[0,-21.46205859580001],[0,0],[7.9812146308999985,-4.9880118122999875],[0,0],[0,15.630039574000008],[0,0],[0,0]],"o":[[0,0],[0,0],[0,0],[0,16.96004653929998],[-7.981213513000014,4.988015470999983],[0,0],[0,-21.98106348430001],[0,0],[0,0]],"v":[[37.264000347,-0.0050014429],[93.1614999714,32.2840870801],[111.78499963330002,64.58217600510001],[111.78499963330002,328.42289816920004],[100.97670980600002,350.3709565208],[74.70500450840001,365.8649985571],[74.3719955132,85.8652363621],[55.4164873766,53.276145415200006],[-0.005000366700000001,21.5080594309]]}},"nm":"Swipe - Right Panel-path"},{"ty":"fl","c":{"a":0,"k":[0.17300000000000001,0.176,0.192,1]},"nm":"Fill 1","o":{"a":0,"k":100},"r":1},{"ty":"tr","a":{"a":0,"k":[0,0]},"nm":"Transform","o":{"a":0,"k":100},"p":{"a":0,"k":[0,0]},"r":{"a":0,"k":0},"s":{"a":0,"k":[100,100]},"sa":{"a":0,"k":0},"sk":{"a":0,"k":0}}],"nm":"Swipe - Right Panel-content","np":3}],"sr":1,"st":0,"tt":0}]},{"id":"comp_Swipe - Dot_D1DE2222-87FA-4D9D-8950-87A9176218E9","layers":[{"ty":3,"ao":0,"ddd":0,"ind":45,"ip":0,"ks":{"a":{"a":0,"k":[5.575,15.735000000000001,0]},"o":{"a":0,"k":100},"p":{"s":true,"x":{"a":0,"k":375.04},"y":{"a":0,"k":370.56}},"r":{"a":0,"k":0},"s":{"a":0,"k":[100,100]}},"nm":"Swipe - Dot-null","op":46,"sr":1,"st":0,"tt":0},{"ty":4,"ao":0,"ddd":0,"ind":44,"ip":0,"ks":{"a":{"a":0,"k":[0,0]},"o":{"a":0,"k":100},"p":{"a":0,"k":[0,0]},"r":{"a":0,"k":0},"s":{"a":0,"k":[100,100]}},"nm":"Swipe - Dot-content","op":46,"parent":45,"shapes":[{"ty":"gr","cix":2,"it":[{"ty":"sh","ind":0,"ks":{"a":0,"k":{"c":false,"i":[[0,0],[3.079104612000001,0],[0,8.6891716296],[-3.0791046119999996,0],[0,-8.690171746199999]],"o":[[0,8.6891716296],[-3.0791046119999996,0],[0,-8.690171746199999],[3.079104612000001,0],[0,0]],"v":[[11.145000005500002,15.7405000119],[5.5700000055,31.474999953600005],[-0.0049999945,15.7405000119],[5.5700000055,0.0049999536],[11.145000005500002,15.7405000119]]}},"nm":"Swipe - Dot-path"},{"ty":"fl","c":{"a":0,"k":[0.184,0.863,0.031,1]},"nm":"Fill 1","o":{"a":0,"k":100},"r":1},{"ty":"tr","a":{"a":0,"k":[0,0]},"nm":"Transform","o":{"a":0,"k":100},"p":{"a":0,"k":[0,0]},"r":{"a":0,"k":0},"s":{"a":0,"k":[100,100]},"sa":{"a":0,"k":0},"sk":{"a":0,"k":0}}],"nm":"Swipe - Dot-content","np":3}],"sr":1,"st":0,"tt":0}]},{"id":"maskComp_Credit Card_C4D8F76D-F7C7-47DA-BF2D-111A2557CA1A","layers":[{"ty":3,"ao":0,"ddd":0,"ind":55,"ip":0,"ks":{"a":{"a":0,"k":[73,168.5,0]},"o":{"a":0,"k":100},"p":{"s":true,"x":{"a":0,"k":371},"y":{"a":1,"k":[{"i":{"x":[0.58],"y":[1]},"o":{"x":[0.42],"y":[0]},"s":[187],"t":0},{"i":{"x":[0.58],"y":[1]},"o":{"x":[0.42],"y":[0]},"s":[484.5],"t":45}]}},"r":{"a":0,"k":0},"s":{"a":0,"k":[100,100]}},"nm":"Credit Card-null","op":46,"sr":1,"st":0,"tt":0},{"ty":4,"ao":0,"ddd":0,"ind":56,"ip":0,"ks":{"a":{"a":0,"k":[0,0]},"o":{"a":0,"k":100},"p":{"a":0,"k":[0,0]},"r":{"a":0,"k":0},"s":{"a":0,"k":[100,100]}},"nm":"Credit Card-mask","op":46,"parent":55,"shapes":[{"ty":"gr","cix":2,"it":[{"ty":"rc","d":1,"nm":"Credit Card-background","p":{"a":0,"k":[73,168.5]},"r":{"a":0,"k":0},"s":{"a":0,"k":[146,337]}},{"ty":"fl","c":{"a":0,"k":[0,0,0,1]},"nm":"Fill 1","o":{"a":0,"k":0},"r":1},{"ty":"tr","a":{"a":0,"k":[0,0]},"nm":"Transform","o":{"a":0,"k":100},"p":{"a":0,"k":[0,0]},"r":{"a":0,"k":0},"s":{"a":0,"k":[100,100]},"sa":{"a":0,"k":0},"sk":{"a":0,"k":0}}],"nm":"Credit Card-mask","np":3}],"sr":1,"st":0,"tt":0},{"ty":0,"ao":0,"ddd":0,"h":672,"ind":50,"ip":0,"ks":{"a":{"a":0,"k":[0,0]},"o":{"a":1,"k":[{"i":{"x":[0.58],"y":[1]},"o":{"x":[0.42],"y":[0]},"s":[0],"t":0},{"i":{"x":[0.58],"y":[1]},"o":{"x":[0.42],"y":[0]},"s":[100],"t":4.5},{"i":{"x":[0.58],"y":[1]},"o":{"x":[0.42],"y":[0]},"s":[100],"t":40.5},{"i":{"x":[0.58],"y":[1]},"o":{"x":[0.42],"y":[0]},"s":[0],"t":45}]},"p":{"a":0,"k":[0,0]},"r":{"a":0,"k":0},"s":{"a":0,"k":[100,100]}},"nm":"Credit Card-composition","op":46,"refId":"comp_Credit Card_C4D8F76D-F7C7-47DA-BF2D-111A2557CA1A","sr":1,"st":0,"tt":0,"w":672}]},{"id":"comp_Credit Card_C4D8F76D-F7C7-47DA-BF2D-111A2557CA1A","layers":[{"ty":3,"ao":0,"ddd":0,"ind":55,"ip":0,"ks":{"a":{"a":0,"k":[73,168.5,0]},"o":{"a":0,"k":100},"p":{"s":true,"x":{"a":0,"k":371},"y":{"a":1,"k":[{"i":{"x":[0.58],"y":[1]},"o":{"x":[0.42],"y":[0]},"s":[187],"t":0},{"i":{"x":[0.58],"y":[1]},"o":{"x":[0.42],"y":[0]},"s":[484.5],"t":45}]}},"r":{"a":0,"k":0},"s":{"a":0,"k":[100,100]}},"nm":"Credit Card-null","op":46,"sr":1,"st":0,"tt":0},{"ty":0,"ao":0,"ddd":0,"h":672,"ind":150,"ip":0,"ks":{"a":{"a":0,"k":[0,0]},"o":{"a":0,"k":100},"p":{"a":0,"k":[0,0]},"r":{"a":0,"k":0},"s":{"a":0,"k":[100,100]}},"nm":"Fill 16-composition","op":46,"refId":"comp_Fill 16_400A37C5-1407-4B33-8F42-3276167032B7","sr":1,"st":0,"tt":0,"w":672},{"ty":0,"ao":0,"ddd":0,"h":672,"ind":140,"ip":0,"ks":{"a":{"a":0,"k":[0,0]},"o":{"a":0,"k":100},"p":{"a":0,"k":[0,0]},"r":{"a":0,"k":0},"s":{"a":0,"k":[100,100]}},"nm":"Fill 14-composition","op":46,"refId":"comp_Fill 14_1716E4D0-7C0D-42F7-9AEB-DAAD36A3A42E","sr":1,"st":0,"tt":0,"w":672},{"ty":0,"ao":0,"ddd":0,"h":672,"ind":130,"ip":0,"ks":{"a":{"a":0,"k":[0,0]},"o":{"a":0,"k":100},"p":{"a":0,"k":[0,0]},"r":{"a":0,"k":0},"s":{"a":0,"k":[100,100]}},"nm":"Fill 12-composition","op":46,"refId":"comp_Fill 12_DB33F0E6-0C74-44D0-98AA-CC013E6C7BE8","sr":1,"st":0,"tt":0,"w":672},{"ty":0,"ao":0,"ddd":0,"h":672,"ind":120,"ip":0,"ks":{"a":{"a":0,"k":[0,0]},"o":{"a":0,"k":100},"p":{"a":0,"k":[0,0]},"r":{"a":0,"k":0},"s":{"a":0,"k":[100,100]}},"nm":"Fill 10-composition","op":46,"refId":"comp_Fill 10_FFB10CA0-E54F-433F-8022-7375E6453466","sr":1,"st":0,"tt":0,"w":672}]},{"id":"maskComp_Arrow_65C42D60-DE06-4374-BB4D-5D9239FBF2D2","layers":[{"ty":3,"ao":0,"ddd":0,"ind":65,"ip":0,"ks":{"a":{"a":0,"k":[65.5,86.5,0]},"o":{"a":0,"k":100},"p":{"s":true,"x":{"a":0,"k":458.83},"y":{"a":0,"k":106.5}},"r":{"a":0,"k":0},"s":{"a":0,"k":[100,100]}},"nm":"Arrow-null","op":46,"sr":1,"st":0,"tt":0},{"ty":4,"ao":0,"ddd":0,"ind":66,"ip":0,"ks":{"a":{"a":0,"k":[0,0]},"o":{"a":0,"k":100},"p":{"a":0,"k":[0,0]},"r":{"a":0,"k":0},"s":{"a":0,"k":[100,100]}},"nm":"Arrow-mask","op":46,"parent":65,"shapes":[{"ty":"gr","cix":2,"it":[{"ty":"rc","d":1,"nm":"Arrow-background","p":{"a":0,"k":[65.5,86.5]},"r":{"a":0,"k":0},"s":{"a":0,"k":[131,173]}},{"ty":"fl","c":{"a":0,"k":[0,0,0,1]},"nm":"Fill 1","o":{"a":0,"k":0},"r":1},{"ty":"tr","a":{"a":0,"k":[0,0]},"nm":"Transform","o":{"a":0,"k":100},"p":{"a":0,"k":[0,0]},"r":{"a":0,"k":0},"s":{"a":0,"k":[100,100]},"sa":{"a":0,"k":0},"sk":{"a":0,"k":0}}],"nm":"Arrow-mask","np":3}],"sr":1,"st":0,"tt":0},{"ty":0,"ao":0,"ddd":0,"h":672,"ind":60,"ip":0,"ks":{"a":{"a":0,"k":[0,0]},"o":{"a":0,"k":0},"p":{"a":0,"k":[0,0]},"r":{"a":0,"k":0},"s":{"a":0,"k":[100,100]}},"nm":"Arrow-composition","op":46,"refId":"comp_Arrow_65C42D60-DE06-4374-BB4D-5D9239FBF2D2","sr":1,"st":0,"tt":0,"w":672}]},{"id":"comp_Arrow_65C42D60-DE06-4374-BB4D-5D9239FBF2D2","layers":[{"ty":3,"ao":0,"ddd":0,"ind":65,"ip":0,"ks":{"a":{"a":0,"k":[65.5,86.5,0]},"o":{"a":0,"k":100},"p":{"s":true,"x":{"a":0,"k":458.83},"y":{"a":0,"k":106.5}},"r":{"a":0,"k":0},"s":{"a":0,"k":[100,100]}},"nm":"Arrow-null","op":46,"sr":1,"st":0,"tt":0},{"ty":0,"ao":0,"ddd":0,"h":672,"ind":200,"ip":0,"ks":{"a":{"a":0,"k":[0,0]},"o":{"a":0,"k":100},"p":{"a":0,"k":[0,0]},"r":{"a":0,"k":0},"s":{"a":0,"k":[100,100]}},"nm":"Fill 35-composition","op":46,"refId":"comp_Fill 35_1E1688BB-5BF5-4A22-A78E-9C7076DC582F","sr":1,"st":0,"tt":0,"w":672},{"ty":0,"ao":0,"ddd":0,"h":672,"ind":190,"ip":0,"ks":{"a":{"a":0,"k":[0,0]},"o":{"a":0,"k":100},"p":{"a":0,"k":[0,0]},"r":{"a":0,"k":0},"s":{"a":0,"k":[100,100]}},"nm":"Fill 32-composition","op":46,"refId":"comp_Fill 32_C5F0CD40-0B27-4D07-97F4-6AD927770445","sr":1,"st":0,"tt":0,"w":672},{"ty":0,"ao":0,"ddd":0,"h":672,"ind":180,"ip":0,"ks":{"a":{"a":0,"k":[0,0]},"o":{"a":0,"k":100},"p":{"a":0,"k":[0,0]},"r":{"a":0,"k":0},"s":{"a":0,"k":[100,100]}},"nm":"Fill 29-composition","op":46,"refId":"comp_Fill 29_EE995520-3A79-4E2F-BAB8-EBEF380316BF","sr":1,"st":0,"tt":0,"w":672},{"ty":0,"ao":0,"ddd":0,"h":672,"ind":170,"ip":0,"ks":{"a":{"a":0,"k":[0,0]},"o":{"a":0,"k":100},"p":{"a":0,"k":[0,0]},"r":{"a":0,"k":0},"s":{"a":0,"k":[100,100]}},"nm":"Fill 27-composition","op":46,"refId":"comp_Fill 27_8774305F-EDB2-47A3-BA8F-D0FBC2D721BD","sr":1,"st":0,"tt":0,"w":672},{"ty":0,"ao":0,"ddd":0,"h":672,"ind":160,"ip":0,"ks":{"a":{"a":0,"k":[0,0]},"o":{"a":0,"k":100},"p":{"a":0,"k":[0,0]},"r":{"a":0,"k":0},"s":{"a":0,"k":[100,100]}},"nm":"Fill 25-composition","op":46,"refId":"comp_Fill 25_EB2F823E-31D7-407F-B772-8D50DD718DC3","sr":1,"st":0,"tt":0,"w":672}]},{"id":"comp_Swipe - Left Panel_7461CA71-F0E5-47C5-9F7E-52CD130835AB","layers":[{"ty":3,"ao":0,"ddd":0,"ind":75,"ip":0,"ks":{"a":{"a":0,"k":[56.165,182.925,0]},"o":{"a":0,"k":100},"p":{"s":true,"x":{"a":0,"k":279.8},"y":{"a":0,"k":468.94}},"r":{"a":0,"k":0},"s":{"a":0,"k":[100,100]}},"nm":"Swipe - Left Panel-null","op":46,"sr":1,"st":0,"tt":0},{"ty":4,"ao":0,"ddd":0,"ind":74,"ip":0,"ks":{"a":{"a":0,"k":[0,0]},"o":{"a":0,"k":100},"p":{"a":0,"k":[0,0]},"r":{"a":0,"k":0},"s":{"a":0,"k":[100,100]}},"nm":"Swipe - Left Panel-content","op":46,"parent":75,"shapes":[{"ty":"gr","cix":2,"it":[{"ty":"sh","ind":0,"ks":{"a":0,"k":{"c":true,"i":[[0,0],[0,0],[0,-23.721194493000006],[0,0],[0,0],[0,0],[0,0],[0,0]],"o":[[0,0],[0,0],[0,23.721194493000006],[0,0],[0,0],[0,0],[0,0],[0,0]],"v":[[37.271327646399996,-0.0050011695],[92.3722895845,31.639260433500002],[111.991987797,63.89552323350001],[112.3250001917,344.561825079],[74.4136499043,365.84499883050006],[74.4136499043,86.50770930450001],[55.458974497599996,53.58644095950001],[-0.0049998083,21.516176299500003]]}},"nm":"Swipe - Left Panel-path"},{"ty":"fl","c":{"a":0,"k":[0.17300000000000001,0.176,0.192,1]},"nm":"Fill 1","o":{"a":0,"k":100},"r":1},{"ty":"tr","a":{"a":0,"k":[0,0]},"nm":"Transform","o":{"a":0,"k":100},"p":{"a":0,"k":[0,0]},"r":{"a":0,"k":0},"s":{"a":0,"k":[100,100]},"sa":{"a":0,"k":0},"sk":{"a":0,"k":0}}],"nm":"Swipe - Left Panel-content","np":3}],"sr":1,"st":0,"tt":0}]},{"id":"comp_Swipe - Side_F6E6FE6A-9AEF-411B-941E-545613B2E640","layers":[{"ty":3,"ao":0,"ddd":0,"ind":85,"ip":0,"ks":{"a":{"a":0,"k":[37.245,174.51500000000001,0]},"o":{"a":0,"k":100},"p":{"s":true,"x":{"a":0,"k":260.81},"y":{"a":0,"k":482.2}},"r":{"a":0,"k":0},"s":{"a":0,"k":[100,100]}},"nm":"Swipe - Side-null","op":46,"sr":1,"st":0,"tt":0},{"ty":4,"ao":0,"ddd":0,"ind":84,"ip":0,"ks":{"a":{"a":0,"k":[0,0]},"o":{"a":0,"k":100},"p":{"a":0,"k":[0,0]},"r":{"a":0,"k":0},"s":{"a":0,"k":[100,100]}},"nm":"Swipe - Side-content","op":46,"parent":85,"shapes":[{"ty":"gr","cix":2,"it":[{"ty":"sh","ind":0,"ks":{"a":0,"k":{"c":true,"i":[[0,0],[0,0],[0,0],[-18.38424671459999,10.378860789000043],[0,0],[0,0]],"o":[[0,0],[0,0],[0,0],[0,0],[0,-20.802725506200012],[0,0]],"v":[[0.3280047966,0.0050015999000000005],[-0.0049997688,322.5657112183],[37.794507515700005,345.06741354580004],[74.48500023119999,344.18042360680005],[74.48500023119999,64.84913876540001],[55.9747514469,32.039575331500004]]}},"nm":"Swipe - Side-path"},{"ty":"fl","c":{"a":0,"k":[0.114,0.11800000000000001,0.125,1]},"nm":"Fill 1","o":{"a":0,"k":100},"r":1},{"ty":"tr","a":{"a":0,"k":[0,0]},"nm":"Transform","o":{"a":0,"k":100},"p":{"a":0,"k":[0,0]},"r":{"a":0,"k":0},"s":{"a":0,"k":[100,100]},"sa":{"a":0,"k":0},"sk":{"a":0,"k":0}}],"nm":"Swipe - Side-content","np":3}],"sr":1,"st":0,"tt":0}]},{"id":"comp_Swipe - Back_A1A9FC30-34D7-44E4-9C5D-91B420E57485","layers":[{"ty":3,"ao":0,"ddd":0,"ind":95,"ip":0,"ks":{"a":{"a":0,"k":[9.450000000000001,166.74,0]},"o":{"a":0,"k":100},"p":{"s":true,"x":{"a":0,"k":214.45000000000002},"y":{"a":0,"k":463.51}},"r":{"a":0,"k":0},"s":{"a":0,"k":[100,100]}},"nm":"Swipe - Back-null","op":46,"sr":1,"st":0,"tt":0},{"ty":4,"ao":0,"ddd":0,"ind":94,"ip":0,"ks":{"a":{"a":0,"k":[0,0]},"o":{"a":0,"k":100},"p":{"a":0,"k":[0,0]},"r":{"a":0,"k":0},"s":{"a":0,"k":[100,100]}},"nm":"Swipe - Back-content","op":46,"parent":95,"shapes":[{"ty":"gr","cix":2,"it":[{"ty":"sh","ind":0,"ks":{"a":0,"k":{"c":true,"i":[[0,0],[0,0],[0,0],[0,0]],"o":[[0,0],[0,0],[0,0],[0,0]],"v":[[0,0],[18.900000000000002,10.91113212],[18.566929458000004,333.48],[0.024005079000000006,322.81787072640003]]}},"nm":"Swipe - Back-path"},{"ty":"fl","c":{"a":0,"k":[0.027,0.027,0.027,1]},"nm":"Fill 1","o":{"a":0,"k":100},"r":1},{"ty":"tr","a":{"a":0,"k":[0,0]},"nm":"Transform","o":{"a":0,"k":100},"p":{"a":0,"k":[0,0]},"r":{"a":0,"k":0},"s":{"a":0,"k":[100,100]},"sa":{"a":0,"k":0},"sk":{"a":0,"k":0}}],"nm":"Swipe - Back-content","np":3}],"sr":1,"st":0,"tt":0}]},{"id":"comp_Fill 25_EB2F823E-31D7-407F-B772-8D50DD718DC3","layers":[{"ty":3,"ao":0,"ddd":0,"ind":65,"ip":0,"ks":{"a":{"a":0,"k":[65.5,86.5,0]},"o":{"a":0,"k":100},"p":{"s":true,"x":{"a":0,"k":458.83},"y":{"a":0,"k":106.5}},"r":{"a":0,"k":0},"s":{"a":0,"k":[100,100]}},"nm":"Arrow-null","op":46,"sr":1,"st":0,"tt":0},{"ty":3,"ao":0,"ddd":0,"ind":165,"ip":0,"ks":{"a":{"a":0,"k":[55.995000000000005,80.685,0]},"o":{"a":0,"k":100},"p":{"s":true,"x":{"a":0,"k":55.99},"y":{"a":0,"k":91.49}},"r":{"a":0,"k":0},"s":{"a":0,"k":[100,100]}},"nm":"Fill 25-null","op":46,"parent":65,"sr":1,"st":0,"tt":0},{"ty":4,"ao":0,"ddd":0,"ind":164,"ip":0,"ks":{"a":{"a":0,"k":[0,0]},"o":{"a":0,"k":100},"p":{"a":0,"k":[0,0]},"r":{"a":0,"k":0},"s":{"a":0,"k":[100,100]}},"nm":"Fill 25-content","op":46,"parent":165,"shapes":[{"ty":"gr","cix":2,"it":[{"ty":"sh","ind":0,"ks":{"a":0,"k":{"c":true,"i":[[0,0],[0,0],[0,0],[0,0],[0,0],[0,0],[0,0]],"o":[[0,0],[0,0],[0,0],[0,0],[0,0],[0,0],[0,0]],"v":[[74.5173273531,107.47733048910001],[74.4053216745,21.443665359600004],[37.2446632467,-0.004999242599999999],[37.215662316300005,85.9866645033],[-0.0050003535000000005,64.56500032950001],[55.9484983923,161.3650007574],[111.98499964650001,129.0519992421]]}},"nm":"Fill 25-path"},{"ty":"fl","c":{"a":0,"k":[0.455,0.667,0.314,1]},"nm":"Fill 1","o":{"a":0,"k":100},"r":1},{"ty":"tr","a":{"a":0,"k":[0,0]},"nm":"Transform","o":{"a":0,"k":100},"p":{"a":0,"k":[0,0]},"r":{"a":0,"k":0},"s":{"a":0,"k":[100,100]},"sa":{"a":0,"k":0},"sk":{"a":0,"k":0}}],"nm":"Fill 25-content","np":3}],"sr":1,"st":0,"tt":0}]},{"id":"comp_Fill 27_8774305F-EDB2-47A3-BA8F-D0FBC2D721BD","layers":[{"ty":3,"ao":0,"ddd":0,"ind":65,"ip":0,"ks":{"a":{"a":0,"k":[65.5,86.5,0]},"o":{"a":0,"k":100},"p":{"s":true,"x":{"a":0,"k":458.83},"y":{"a":0,"k":106.5}},"r":{"a":0,"k":0},"s":{"a":0,"k":[100,100]}},"nm":"Arrow-null","op":46,"sr":1,"st":0,"tt":0},{"ty":3,"ao":0,"ddd":0,"ind":175,"ip":0,"ks":{"a":{"a":0,"k":[9.375,48.435,0]},"o":{"a":0,"k":100},"p":{"s":true,"x":{"a":0,"k":83.78},"y":{"a":0,"k":69.92}},"r":{"a":0,"k":0},"s":{"a":0,"k":[100,100]}},"nm":"Fill 27-null","op":46,"parent":65,"sr":1,"st":0,"tt":0},{"ty":4,"ao":0,"ddd":0,"ind":174,"ip":0,"ks":{"a":{"a":0,"k":[0,0]},"o":{"a":0,"k":100},"p":{"a":0,"k":[0,0]},"r":{"a":0,"k":0},"s":{"a":0,"k":[100,100]}},"nm":"Fill 27-content","op":46,"parent":175,"shapes":[{"ty":"gr","cix":2,"it":[{"ty":"sh","ind":0,"ks":{"a":0,"k":{"c":true,"i":[[0,0],[0,0],[0,0],[0,0]],"o":[[0,0],[0,0],[0,0],[0,0]],"v":[[18.7029976875,86.08455522810002],[18.7449999375,-0.005000429400000001],[-0.0050000625,10.7604445623],[0.108006,96.8649995706]]}},"nm":"Fill 27-path"},{"ty":"fl","c":{"a":0,"k":[0.40800000000000003,0.6,0.28200000000000003,1]},"nm":"Fill 1","o":{"a":0,"k":100},"r":1},{"ty":"tr","a":{"a":0,"k":[0,0]},"nm":"Transform","o":{"a":0,"k":100},"p":{"a":0,"k":[0,0]},"r":{"a":0,"k":0},"s":{"a":0,"k":[100,100]},"sa":{"a":0,"k":0},"sk":{"a":0,"k":0}}],"nm":"Fill 27-content","np":3}],"sr":1,"st":0,"tt":0}]},{"id":"comp_Fill 29_EE995520-3A79-4E2F-BAB8-EBEF380316BF","layers":[{"ty":3,"ao":0,"ddd":0,"ind":65,"ip":0,"ks":{"a":{"a":0,"k":[65.5,86.5,0]},"o":{"a":0,"k":100},"p":{"s":true,"x":{"a":0,"k":458.83},"y":{"a":0,"k":106.5}},"r":{"a":0,"k":0},"s":{"a":0,"k":[100,100]}},"nm":"Arrow-null","op":46,"sr":1,"st":0,"tt":0},{"ty":3,"ao":0,"ddd":0,"ind":185,"ip":0,"ks":{"a":{"a":0,"k":[27.955000000000002,16.13,0]},"o":{"a":0,"k":100},"p":{"s":true,"x":{"a":0,"k":65.2},"y":{"a":0,"k":16.13}},"r":{"a":0,"k":0},"s":{"a":0,"k":[100,100]}},"nm":"Fill 29-null","op":46,"parent":65,"sr":1,"st":0,"tt":0},{"ty":4,"ao":0,"ddd":0,"ind":184,"ip":0,"ks":{"a":{"a":0,"k":[0,0]},"o":{"a":0,"k":100},"p":{"a":0,"k":[0,0]},"r":{"a":0,"k":0},"s":{"a":0,"k":[100,100]}},"nm":"Fill 29-content","op":46,"parent":185,"shapes":[{"ty":"gr","cix":2,"it":[{"ty":"sh","ind":0,"ks":{"a":0,"k":{"c":true,"i":[[0,0],[0,0],[0,0],[0,0]],"o":[[0,0],[0,0],[0,0],[0,0]],"v":[[55.904999968700004,21.492998857399996],[18.575664756600002,0],[-0.005000031300000001,10.8090052756],[37.1553293146,32.26]]}},"nm":"Fill 29-path"},{"ty":"fl","c":{"a":0,"k":[0.529,0.718,0.4,1]},"nm":"Fill 1","o":{"a":0,"k":100},"r":1},{"ty":"tr","a":{"a":0,"k":[0,0]},"nm":"Transform","o":{"a":0,"k":100},"p":{"a":0,"k":[0,0]},"r":{"a":0,"k":0},"s":{"a":0,"k":[100,100]},"sa":{"a":0,"k":0},"sk":{"a":0,"k":0}}],"nm":"Fill 29-content","np":3}],"sr":1,"st":0,"tt":0}]},{"id":"comp_Fill 32_C5F0CD40-0B27-4D07-97F4-6AD927770445","layers":[{"ty":3,"ao":0,"ddd":0,"ind":65,"ip":0,"ks":{"a":{"a":0,"k":[65.5,86.5,0]},"o":{"a":0,"k":100},"p":{"s":true,"x":{"a":0,"k":458.83},"y":{"a":0,"k":106.5}},"r":{"a":0,"k":0},"s":{"a":0,"k":[100,100]}},"nm":"Arrow-null","op":46,"sr":1,"st":0,"tt":0},{"ty":3,"ao":0,"ddd":0,"ind":195,"ip":0,"ks":{"a":{"a":0,"k":[28.005,16.14,0]},"o":{"a":0,"k":100},"p":{"s":true,"x":{"a":0,"k":102.52},"y":{"a":0,"k":123.72}},"r":{"a":0,"k":0},"s":{"a":0,"k":[100,100]}},"nm":"Fill 32-null","op":46,"parent":65,"sr":1,"st":0,"tt":0},{"ty":4,"ao":0,"ddd":0,"ind":194,"ip":0,"ks":{"a":{"a":0,"k":[0,0]},"o":{"a":0,"k":100},"p":{"a":0,"k":[0,0]},"r":{"a":0,"k":0},"s":{"a":0,"k":[100,100]}},"nm":"Fill 32-content","op":46,"parent":195,"shapes":[{"ty":"gr","cix":2,"it":[{"ty":"sh","ind":0,"ks":{"a":0,"k":{"c":true,"i":[[0,0],[0,0],[0,0],[0,0]],"o":[[0,0],[0,0],[0,0],[0,0]],"v":[[18.590659968,0],[56.004999987299996,21.7783014396],[37.4633448486,32.28],[-0.0050000127,10.7786645112]]}},"nm":"Fill 32-path"},{"ty":"fl","c":{"a":0,"k":[0.529,0.718,0.4,1]},"nm":"Fill 1","o":{"a":0,"k":100},"r":1},{"ty":"tr","a":{"a":0,"k":[0,0]},"nm":"Transform","o":{"a":0,"k":100},"p":{"a":0,"k":[0,0]},"r":{"a":0,"k":0},"s":{"a":0,"k":[100,100]},"sa":{"a":0,"k":0},"sk":{"a":0,"k":0}}],"nm":"Fill 32-content","np":3}],"sr":1,"st":0,"tt":0}]},{"id":"comp_Fill 35_1E1688BB-5BF5-4A22-A78E-9C7076DC582F","layers":[{"ty":3,"ao":0,"ddd":0,"ind":65,"ip":0,"ks":{"a":{"a":0,"k":[65.5,86.5,0]},"o":{"a":0,"k":100},"p":{"s":true,"x":{"a":0,"k":458.83},"y":{"a":0,"k":106.5}},"r":{"a":0,"k":0},"s":{"a":0,"k":[100,100]}},"nm":"Arrow-null","op":46,"sr":1,"st":0,"tt":0},{"ty":3,"ao":0,"ddd":0,"ind":205,"ip":0,"ks":{"a":{"a":0,"k":[18.61,16.14,0]},"o":{"a":0,"k":100},"p":{"s":true,"x":{"a":0,"k":18.61},"y":{"a":0,"k":80.66}},"r":{"a":0,"k":0},"s":{"a":0,"k":[100,100]}},"nm":"Fill 35-null","op":46,"parent":65,"sr":1,"st":0,"tt":0},{"ty":4,"ao":0,"ddd":0,"ind":204,"ip":0,"ks":{"a":{"a":0,"k":[0,0]},"o":{"a":0,"k":100},"p":{"a":0,"k":[0,0]},"r":{"a":0,"k":0},"s":{"a":0,"k":[100,100]}},"nm":"Fill 35-content","op":46,"parent":205,"shapes":[{"ty":"gr","cix":2,"it":[{"ty":"sh","ind":0,"ks":{"a":0,"k":{"c":true,"i":[[0,0],[0,0],[0,0],[0,0]],"o":[[0,0],[0,0],[0,0],[0,0]],"v":[[0,10.861654131600002],[18.5414980788,0],[37.217000068,10.861654131600002],[37.22,32.28]]}},"nm":"Fill 35-path"},{"ty":"fl","c":{"a":0,"k":[0.529,0.718,0.4,1]},"nm":"Fill 1","o":{"a":0,"k":100},"r":1},{"ty":"tr","a":{"a":0,"k":[0,0]},"nm":"Transform","o":{"a":0,"k":100},"p":{"a":0,"k":[0,0]},"r":{"a":0,"k":0},"s":{"a":0,"k":[100,100]},"sa":{"a":0,"k":0},"sk":{"a":0,"k":0}}],"nm":"Fill 35-content","np":3}],"sr":1,"st":0,"tt":0}]},{"id":"comp_Fill 10_FFB10CA0-E54F-433F-8022-7375E6453466","layers":[{"ty":3,"ao":0,"ddd":0,"ind":55,"ip":0,"ks":{"a":{"a":0,"k":[73,168.5,0]},"o":{"a":0,"k":100},"p":{"s":true,"x":{"a":0,"k":371},"y":{"a":1,"k":[{"i":{"x":[0.58],"y":[1]},"o":{"x":[0.42],"y":[0]},"s":[187],"t":0},{"i":{"x":[0.58],"y":[1]},"o":{"x":[0.42],"y":[0]},"s":[484.5],"t":45}]}},"r":{"a":0,"k":0},"s":{"a":0,"k":[100,100]}},"nm":"Credit Card-null","op":46,"sr":1,"st":0,"tt":0},{"ty":3,"ao":0,"ddd":0,"ind":125,"ip":0,"ks":{"a":{"a":0,"k":[22.325,144.205,0]},"o":{"a":0,"k":100},"p":{"s":true,"x":{"a":0,"k":22.330000000000002},"y":{"a":0,"k":144.21}},"r":{"a":0,"k":0},"s":{"a":0,"k":[100,100]}},"nm":"Fill 10-null","op":46,"parent":55,"sr":1,"st":0,"tt":0},{"ty":4,"ao":0,"ddd":0,"ind":124,"ip":0,"ks":{"a":{"a":0,"k":[0,0]},"o":{"a":0,"k":100},"p":{"a":0,"k":[0,0]},"r":{"a":0,"k":0},"s":{"a":0,"k":[100,100]}},"nm":"Fill 10-content","op":46,"parent":125,"shapes":[{"ty":"gr","cix":2,"it":[{"ty":"sh","ind":0,"ks":{"a":0,"k":{"c":true,"i":[[0,0],[0,-24.0018666694],[0,0],[-32.233834267,-19.44289192870002],[0,0],[0,0]],"o":[[-18.5077567495,-10.751939220500002],[0,0],[0,0],[0,0],[0,0],[0,0]],"v":[[26.033251261,4.52457608],[0.11599266300000001,26.624453786],[0.0049999070000000005,246.54423135400003],[36.3255598205,288.41500102940006],[44.601003769,284.4120230867],[44.654999907,15.1665186106]]}},"nm":"Fill 10-path"},{"ty":"fl","c":{"a":0,"k":[0.067,0.23900000000000002,0,1]},"nm":"Fill 1","o":{"a":0,"k":100},"r":1},{"ty":"tr","a":{"a":0,"k":[0,0]},"nm":"Transform","o":{"a":0,"k":100},"p":{"a":0,"k":[0,0]},"r":{"a":0,"k":0},"s":{"a":0,"k":[100,100]},"sa":{"a":0,"k":0},"sk":{"a":0,"k":0}}],"nm":"Fill 10-content","np":3}],"sr":1,"st":0,"tt":0}]},{"id":"comp_Fill 12_DB33F0E6-0C74-44D0-98AA-CC013E6C7BE8","layers":[{"ty":3,"ao":0,"ddd":0,"ind":55,"ip":0,"ks":{"a":{"a":0,"k":[73,168.5,0]},"o":{"a":0,"k":100},"p":{"s":true,"x":{"a":0,"k":371},"y":{"a":1,"k":[{"i":{"x":[0.58],"y":[1]},"o":{"x":[0.42],"y":[0]},"s":[187],"t":0},{"i":{"x":[0.58],"y":[1]},"o":{"x":[0.42],"y":[0]},"s":[484.5],"t":45}]}},"r":{"a":0,"k":0},"s":{"a":0,"k":[100,100]}},"nm":"Credit Card-null","op":46,"sr":1,"st":0,"tt":0},{"ty":3,"ao":0,"ddd":0,"ind":135,"ip":0,"ks":{"a":{"a":0,"k":[18.32,140.315,0]},"o":{"a":0,"k":100},"p":{"s":true,"x":{"a":0,"k":18.400000000000002},"y":{"a":0,"k":148.1}},"r":{"a":0,"k":0},"s":{"a":0,"k":[100,100]}},"nm":"Fill 12-null","op":46,"parent":55,"sr":1,"st":0,"tt":0},{"ty":4,"ao":0,"ddd":0,"ind":134,"ip":0,"ks":{"a":{"a":0,"k":[0,0]},"o":{"a":0,"k":100},"p":{"a":0,"k":[0,0]},"r":{"a":0,"k":0},"s":{"a":0,"k":[100,100]}},"nm":"Fill 12-content","op":46,"parent":135,"shapes":[{"ty":"gr","cix":2,"it":[{"ty":"sh","ind":0,"ks":{"a":0,"k":{"c":true,"i":[[0,0],[1.3631109584,0.7820007517000018],[0,-37.7680609656],[0,0],[-32.960677152,-18.95003185249999],[-1.0600860671999968,-0.6099998184000128]],"o":[[-1.256102006399999,-0.7200011658000012],[-32.969677768,-18.9120289379],[0,0],[0,19.104033177599973],[1.1370923552000036,0.6539997961000381],[0,0]],"v":[[36.64,14.6415755885],[32.7326825536,12.4005710479],[0.0000241824,31.3126027921],[0.0000241824,240.7289349493],[32.9607013344,278.7349982179],[36.246968216,280.6249991734]]}},"nm":"Fill 12-path"},{"ty":"fl","c":{"a":0,"k":[0.106,0.38,0,1]},"nm":"Fill 1","o":{"a":0,"k":100},"r":1},{"ty":"tr","a":{"a":0,"k":[0,0]},"nm":"Transform","o":{"a":0,"k":100},"p":{"a":0,"k":[0,0]},"r":{"a":0,"k":0},"s":{"a":0,"k":[100,100]},"sa":{"a":0,"k":0},"sk":{"a":0,"k":0}}],"nm":"Fill 12-content","np":3}],"sr":1,"st":0,"tt":0}]},{"id":"comp_Fill 14_1716E4D0-7C0D-42F7-9AEB-DAAD36A3A42E","layers":[{"ty":3,"ao":0,"ddd":0,"ind":55,"ip":0,"ks":{"a":{"a":0,"k":[73,168.5,0]},"o":{"a":0,"k":100},"p":{"s":true,"x":{"a":0,"k":371},"y":{"a":1,"k":[{"i":{"x":[0.58],"y":[1]},"o":{"x":[0.42],"y":[0]},"s":[187],"t":0},{"i":{"x":[0.58],"y":[1]},"o":{"x":[0.42],"y":[0]},"s":[484.5],"t":45}]}},"r":{"a":0,"k":0},"s":{"a":0,"k":[100,100]}},"nm":"Credit Card-null","op":46,"sr":1,"st":0,"tt":0},{"ty":3,"ao":0,"ddd":0,"ind":145,"ip":0,"ks":{"a":{"a":0,"k":[46.555,157.42000000000002,0]},"o":{"a":0,"k":100},"p":{"s":true,"x":{"a":0,"k":99.33},"y":{"a":0,"k":178.62}},"r":{"a":0,"k":0},"s":{"a":0,"k":[100,100]}},"nm":"Fill 14-null","op":46,"parent":55,"sr":1,"st":0,"tt":0},{"ty":4,"ao":0,"ddd":0,"ind":144,"ip":0,"ks":{"a":{"a":0,"k":[0,0]},"o":{"a":0,"k":100},"p":{"a":0,"k":[0,0]},"r":{"a":0,"k":0},"s":{"a":0,"k":[100,100]}},"nm":"Fill 14-content","op":46,"parent":145,"shapes":[{"ty":"gr","cix":2,"it":[{"ty":"sh","ind":0,"ks":{"a":0,"k":{"c":false,"i":[[0,0],[34.285263083100006,19.8709251024],[14.3246923078,8.2529701848],[0,0],[0,0],[-30.84133740499999,-16.767934475600043],[0,31.70188187360003],[0,20.116922188000004]],"o":[[0,-20.117926527600005],[-27.266414336799997,-15.801939239200005],[0,0],[0,0],[24.066483413700002,13.870946809200007],[18.704597880999998,10.35096319600001],[0,-19.29492532239999],[0,0]],"v":[[93.0870008989,69.44573854800001],[58.0917526505,27.586894738000005],[10.008784962,0],[0.005000007000000001,5.6549797696],[0.1519964884,271.72697215960005],[66.3875743205,309.64982796760006],[93.115000007,284.709922194],[93.0870008989,69.44573854800001]]}},"nm":"Fill 14-path"},{"ty":"fl","c":{"a":0,"k":[0.067,0.23900000000000002,0,1]},"nm":"Fill 1","o":{"a":0,"k":100},"r":1},{"ty":"tr","a":{"a":0,"k":[0,0]},"nm":"Transform","o":{"a":0,"k":100},"p":{"a":0,"k":[0,0]},"r":{"a":0,"k":0},"s":{"a":0,"k":[100,100]},"sa":{"a":0,"k":0},"sk":{"a":0,"k":0}}],"nm":"Fill 14-content","np":3}],"sr":1,"st":0,"tt":0}]},{"id":"comp_Fill 16_400A37C5-1407-4B33-8F42-3276167032B7","layers":[{"ty":3,"ao":0,"ddd":0,"ind":55,"ip":0,"ks":{"a":{"a":0,"k":[73,168.5,0]},"o":{"a":0,"k":100},"p":{"s":true,"x":{"a":0,"k":371},"y":{"a":1,"k":[{"i":{"x":[0.58],"y":[1]},"o":{"x":[0.42],"y":[0]},"s":[187],"t":0},{"i":{"x":[0.58],"y":[1]},"o":{"x":[0.42],"y":[0]},"s":[484.5],"t":45}]}},"r":{"a":0,"k":0},"s":{"a":0,"k":[100,100]}},"nm":"Credit Card-null","op":46,"sr":1,"st":0,"tt":0},{"ty":3,"ao":0,"ddd":0,"ind":155,"ip":0,"ks":{"a":{"a":0,"k":[41.395,153.625,0]},"o":{"a":0,"k":100},"p":{"s":true,"x":{"a":0,"k":94.17},"y":{"a":0,"k":180.48}},"r":{"a":0,"k":0},"s":{"a":0,"k":[100,100]}},"nm":"Fill 16-null","op":46,"parent":55,"sr":1,"st":0,"tt":0},{"ty":4,"ao":0,"ddd":0,"ind":154,"ip":0,"ks":{"a":{"a":0,"k":[0,0]},"o":{"a":0,"k":100},"p":{"a":0,"k":[0,0]},"r":{"a":0,"k":0},"s":{"a":0,"k":[100,100]}},"nm":"Fill 16-content","op":46,"parent":155,"shapes":[{"ty":"gr","cix":2,"it":[{"ty":"sh","ind":0,"ks":{"a":0,"k":{"c":false,"i":[[0,0],[32.88998578369999,19.05986047],[17.9830857954,10.312926135],[0,0],[-26.513600987500006,-15.093889760000025],[0,37.86572351000001],[0,19.296857757500007]],"o":[[0,-19.296860829999993],[-26.310589144800005,-15.24688797],[0,0],[17.9040809542,10.335923797500016],[33.125000928799984,18.85786202999998],[0,-18.956861052500017],[0,0]],"v":[[82.78399938080001,66.94251161],[49.69900175210001,28.6807889375],[-0.004999688100000001,0.004998957500000001],[0.1420088591,266.3320519175],[49.72500277950001,294.8228436],[82.78499948400001,275.96498157],[82.78399938080001,66.94251161]]}},"nm":"Fill 16-path"},{"ty":"fl","c":{"a":0,"k":[0.106,0.38,0,1]},"nm":"Fill 1","o":{"a":0,"k":100},"r":1},{"ty":"tr","a":{"a":0,"k":[0,0]},"nm":"Transform","o":{"a":0,"k":100},"p":{"a":0,"k":[0,0]},"r":{"a":0,"k":0},"s":{"a":0,"k":[100,100]},"sa":{"a":0,"k":0},"sk":{"a":0,"k":0}}],"nm":"Fill 16-content","np":3}],"sr":1,"st":0,"tt":0}]}],"ddd":0,"fonts":{"list":[]},"fr":30,"h":672,"ip":0,"layers":[{"ty":0,"ao":0,"ddd":0,"h":672,"ind":90,"ip":0,"ks":{"a":{"a":0,"k":[0,0]},"o":{"a":0,"k":100},"p":{"a":0,"k":[0,0]},"r":{"a":0,"k":0},"s":{"a":0,"k":[100,100]}},"nm":"Swipe - Back-composition","op":46,"refId":"comp_Swipe - Back_A1A9FC30-34D7-44E4-9C5D-91B420E57485","sr":1,"st":0,"tt":0,"w":672},{"ty":0,"ao":0,"ddd":0,"h":672,"ind":80,"ip":0,"ks":{"a":{"a":0,"k":[0,0]},"o":{"a":0,"k":100},"p":{"a":0,"k":[0,0]},"r":{"a":0,"k":0},"s":{"a":0,"k":[100,100]}},"nm":"Swipe - Side-composition","op":46,"refId":"comp_Swipe - Side_F6E6FE6A-9AEF-411B-941E-545613B2E640","sr":1,"st":0,"tt":0,"w":672},{"ty":0,"ao":0,"ddd":0,"h":672,"ind":70,"ip":0,"ks":{"a":{"a":0,"k":[0,0]},"o":{"a":0,"k":100},"p":{"a":0,"k":[0,0]},"r":{"a":0,"k":0},"s":{"a":0,"k":[100,100]}},"nm":"Swipe - Left Panel-composition","op":46,"refId":"comp_Swipe - Left Panel_7461CA71-F0E5-47C5-9F7E-52CD130835AB","sr":1,"st":0,"tt":0,"w":672},{"ty":0,"ao":0,"ddd":0,"h":672,"ind":67,"ip":0,"ks":{"a":{"a":0,"k":[0,0]},"o":{"a":0,"k":100},"p":{"a":0,"k":[0,0]},"r":{"a":0,"k":0},"s":{"a":0,"k":[100,100]}},"nm":"Arrow-maskComposition","op":46,"refId":"maskComp_Arrow_65C42D60-DE06-4374-BB4D-5D9239FBF2D2","sr":1,"st":0,"tt":0,"w":672},{"ty":0,"ao":0,"ddd":0,"h":672,"ind":57,"ip":0,"ks":{"a":{"a":0,"k":[0,0]},"o":{"a":0,"k":100},"p":{"a":0,"k":[0,0]},"r":{"a":0,"k":0},"s":{"a":0,"k":[100,100]}},"nm":"Credit Card-maskComposition","op":46,"refId":"maskComp_Credit Card_C4D8F76D-F7C7-47DA-BF2D-111A2557CA1A","sr":1,"st":0,"tt":0,"w":672},{"ty":0,"ao":0,"ddd":0,"h":672,"ind":40,"ip":0,"ks":{"a":{"a":0,"k":[0,0]},"o":{"a":0,"k":100},"p":{"a":0,"k":[0,0]},"r":{"a":0,"k":0},"s":{"a":0,"k":[100,100]}},"nm":"Swipe - Dot-composition","op":46,"refId":"comp_Swipe - Dot_D1DE2222-87FA-4D9D-8950-87A9176218E9","sr":1,"st":0,"tt":0,"w":672},{"ty":0,"ao":0,"ddd":0,"h":672,"ind":30,"ip":0,"ks":{"a":{"a":0,"k":[0,0]},"o":{"a":0,"k":100},"p":{"a":0,"k":[0,0]},"r":{"a":0,"k":0},"s":{"a":0,"k":[100,100]}},"nm":"Swipe - Right Panel-composition","op":46,"refId":"comp_Swipe - Right Panel_FFCA7B96-4DB0-4209-986E-08E57D120C8C","sr":1,"st":0,"tt":0,"w":672},{"ty":0,"ao":0,"ddd":0,"h":672,"ind":20,"ip":0,"ks":{"a":{"a":0,"k":[0,0]},"o":{"a":0,"k":100},"p":{"a":0,"k":[0,0]},"r":{"a":0,"k":0},"s":{"a":0,"k":[100,100]}},"nm":"Swipe - Card Slot-composition","op":46,"refId":"comp_Swipe - Card Slot_6976069A-A255-4276-B194-79E624E8736C","sr":1,"st":0,"tt":0,"w":672},{"ty":0,"ao":0,"ddd":0,"h":672,"ind":10,"ip":0,"ks":{"a":{"a":0,"k":[0,0]},"o":{"a":0,"k":100},"p":{"a":0,"k":[0,0]},"r":{"a":0,"k":0},"s":{"a":0,"k":[100,100]}},"nm":"Swipe - Top-composition","op":46,"refId":"comp_Swipe - Top_0B4C3E99-CBC2-4BA3-A740-1186CC0C32DD","sr":1,"st":0,"tt":0,"w":672},{"ty":4,"ao":0,"ddd":0,"ind":2,"ip":0,"ks":{"a":{"a":0,"k":[0,0]},"o":{"a":0,"k":100},"p":{"a":0,"k":[0,0]},"r":{"a":0,"k":0},"s":{"a":0,"k":[100,100]}},"nm":"CC Swipe - Default-background","op":46,"shapes":[{"ty":"gr","cix":2,"it":[{"ty":"rc","d":1,"nm":"CC Swipe - Default-background","p":{"a":0,"k":[336,336]},"r":{"a":0,"k":0},"s":{"a":0,"k":[672,672]}},{"ty":"fl","c":{"a":0,"k":[0.972,0.976,0.968,1]},"nm":"Fill 1","o":{"a":0,"k":1.7000000000000002},"r":1},{"ty":"tr","a":{"a":0,"k":[0,0]},"nm":"Transform","o":{"a":0,"k":100},"p":{"a":0,"k":[0,0]},"r":{"a":0,"k":0},"s":{"a":0,"k":[100,100]},"sa":{"a":0,"k":0},"sk":{"a":0,"k":0}}],"nm":"CC Swipe - Default-background","np":3}],"sr":1,"st":0,"tt":0}],"meta":{"a":"","d":"Timeline","g":"Flow 1.9.0","k":"","tc":""},"nm":"Timeline","op":46,"v":"5.6.4","w":672}